id,created_at,updated_at,deleted_at,user_id,display_name,image_url,unsecure_credit_card_number,unsecure_id_card_url
1,2023-05-07 15:46:15.82611+00,2023-05-07 15:46:45.897329+00,,1,dj_khaled,/uploads/5d5185c0-a92b-4729-983b-86714ce6e0a1.jpg,example,/uploads/135d4a98-e1e4-48ab-8701-c57165ddcac2.jpg
2,2023-05-07 15:47:17.404868+00,2023-05-07 15:47:36.6116+00,,2,biggieCHEESE,/uploads/dc714de8-1d4c-4418-a79c-1ac5a17db981.png,example,/uploads/06e6cebc-4044-40ad-9354-21fb4d9ea614.png
3,2023-05-07 15:47:46.720146+00,2023-05-07 15:48:25.536967+00,,3,moyai,/uploads/e61b5a54-69f5-45d5-b6ba-0407ddbe9220.png,2137,/uploads/fb6d08ce-a594-4830-9f9c-ce351623df59.png
4,2023-05-07 15:48:37.744329+00,2023-05-07 15:49:30.486584+00,,4,personallyvictimizedbyanorange,/uploads/c7567309-01a8-48f8-9db9-1a046a8df5cd.png,example,/uploads/4466e666-5c53-4524-9304-28f636ad64e9.png
5,2023-05-07 15:49:39.91867+00,2023-05-07 15:50:28.894911+00,,5,organge,/uploads/5a27f710-db9d-412d-bba9-6d6849f568a8.png,example,/uploads/1c3cc3bc-4d74-415e-b5d1-d017a437e0c5.png
6,2023-05-07 15:50:40.429346+00,2023-05-07 15:50:59.807003+00,,6,cardcounter74,/uploads/34cb4a01-8ff5-4039-8d37-f89a36d60161.jpg,example,/uploads/76683c85-1412-469c-a860-8ab0adc7720b.jpg
7,2023-05-07 15:51:21.199204+00,2023-05-07 15:51:56.57969+00,,7,eminem,/uploads/f087832a-23e2-4ce7-8acc-2c1e64965474.jpg,example,/uploads/64100dce-4c3d-441c-aef1-b5f89d11ab56.jpg
8,2023-05-07 15:52:06.881378+00,2023-05-07 15:52:24.853428+00,,8,SaulGoodman,/uploads/c5594b5e-5f7a-46ae-943d-bdb9f6181299.jpg,example,/uploads/e996ce14-2c75-4b4d-b76a-37170fac7a7c.jpg
9,2023-05-07 15:52:36.800394+00,2023-05-07 15:52:55.462968+00,,9,walter_whey,/uploads/05571bd6-eecc-4a97-94aa-cf1ec6c3e3d7.jpg,example,/uploads/5796eacb-7984-4b21-9d11-a9d419773a69.jpg
10,2023-05-07 15:53:10.916145+00,2023-05-07 15:53:27.518916+00,,10,poker_fan_213,/uploads/cbd4d79a-e348-4052-9ac6-4a318c38acfc.jpg,example,/uploads/ffb093f6-a9c1-4c7b-8446-a4a0681cb9df.jpg
