id,created_at,updated_at,deleted_at,username,password,game_id
1,2023-05-07 15:46:15.8244+00,2023-05-07 15:46:15.8244+00,,dj_khaled,$2a$10$TotLWs/DcPRzamOob/69f.F63sdqIShq/sdmxa2JVLUv2tFnjyGKa,
2,2023-05-07 15:47:17.404407+00,2023-05-07 15:47:17.404407+00,,biggieCHEESE,$2a$10$N8KhX7WBcPCkEqUIzhhbeuk8lyRwXhHkvSCQmLhfW1EhRZ7D7jok2,
3,2023-05-07 15:47:46.719048+00,2023-05-07 15:47:46.719048+00,,moyai,$2a$10$cOk4vjWpk02ibjXzWCDXcu0haZEzVxO5I2DkyvYDRVJZhLMKQbh.e,
4,2023-05-07 15:48:37.743731+00,2023-05-07 15:48:37.743731+00,,personallyvictimizedbyanorange,$2a$10$L47ax2S0Fz8xL95RoRiFJuYhwOULwhd72E1Tw1svfW9AvA8NIZQb.,
5,2023-05-07 15:49:39.918053+00,2023-05-07 15:49:39.918053+00,,organge,$2a$10$i5Lg0T8RMPS7PnvPEJvsCOyO2LLu609J6WrSQIA54FiMNzIPFvfJS,
6,2023-05-07 15:50:40.42869+00,2023-05-07 15:50:40.42869+00,,cardcounter74,$2a$10$5bouAy1Tl6tDipo22Kmg8uMHYUNkOguXG3U/vTDLOAANjusadwE2e,
7,2023-05-07 15:51:21.198431+00,2023-05-07 15:51:21.198431+00,,eminem,$2a$10$fpCXwcE813oXQ6UQv2Vd6eCwvc5MS6DEkOiJW/JbVbyloCB1qauXm,
8,2023-05-07 15:52:06.880945+00,2023-05-07 15:52:06.880945+00,,SaulGoodman,$2a$10$xoxp/gg8pbUllHb8NZSx/.CT.nbFEzkActhArX8tE.sGEIlNoXawO,
9,2023-05-07 15:52:36.7998+00,2023-05-07 15:52:36.7998+00,,walter_whey,$2a$10$Zl1jyOUY1/0h/e5DarIbke3LlyBBMNz8zY5GSlR6wOkzpC5jKYLrC,
10,2023-05-07 15:53:10.915587+00,2023-05-07 15:53:10.915587+00,,poker_fan_213,$2a$10$wULxIld4F4BORf9vWZQvFOJvl13k9cW3oBY2QPfpHuL2UYYrdY.5q,
